{
  "ATLANTIDA": {
    "codigo": "01",
    "municipios": [
      {
        "id_municipio": "008",
        "municipio": "ARIZONA"
      },
      {
        "id_municipio": "002",
        "municipio": "EL PORVENIR"
      },
      {
        "id_municipio": "003",
        "municipio": "ESPARTA"
      },
      {
        "id_municipio": "004",
        "municipio": "JUTIAPA"
      },
      {
        "id_municipio": "001",
        "municipio": "LA CEIBA"
      },
      {
        "id_municipio": "005",
        "municipio": "LA MASICA"
      },
      {
        "id_municipio": "006",
        "municipio": "SAN FRANCISCO"
      },
      {
        "id_municipio": "007",
        "municipio": "TELA"
      }
    ]
  },
  "COLON": {
    "codigo": "02",
    "municipios": [
      {
        "id_municipio": "002",
        "municipio": "BALFATE"
      },
      {
        "id_municipio": "010",
        "municipio": "BONITO ORIENTAL"
      },
      {
        "id_municipio": "003",
        "municipio": "IRIONA"
      },
      {
        "id_municipio": "004",
        "municipio": "LIMON"
      },
      {
        "id_municipio": "005",
        "municipio": "SABA"
      },
      {
        "id_municipio": "006",
        "municipio": "SANTA FE"
      },
      {
        "id_municipio": "007",
        "municipio": "SANTA ROSA AGUAN"
      },
      {
        "id_municipio": "008",
        "municipio": "SONAGUERA"
      },
      {
        "id_municipio": "009",
        "municipio": "TOCOA"
      },
      {
        "id_municipio": "001",
        "municipio": "TRUJILLO"
      }
    ]
  },
  "COMAYAGUA": {
    "codigo": "03",
    "municipios": [
      {
        "id_municipio": "002",
        "municipio": "AJUTERIQUE"
      },
      {
        "id_municipio": "001",
        "municipio": "COMAYAGUA"
      },
      {
        "id_municipio": "003",
        "municipio": "EL ROSARIO"
      },
      {
        "id_municipio": "004",
        "municipio": "ESQUIAS"
      },
      {
        "id_municipio": "005",
        "municipio": "HUMUYA"
      },
      {
        "id_municipio": "006",
        "municipio": "LA LIBERTAD"
      },
      {
        "id_municipio": "008",
        "municipio": "LA TRINIDAD"
      },
      {
        "id_municipio": "007",
        "municipio": "LAMANI"
      },
      {
        "id_municipio": "020",
        "municipio": "LAS LAJAS"
      },
      {
        "id_municipio": "009",
        "municipio": "LEJAMANI"
      },
      {
        "id_municipio": "010",
        "municipio": "MEAMBAR"
      },
      {
        "id_municipio": "011",
        "municipio": "MINAS DE ORO"
      },
      {
        "id_municipio": "012",
        "municipio": "OJOS DE AGUA"
      },
      {
        "id_municipio": "013",
        "municipio": "SAN JERONIMO"
      },
      {
        "id_municipio": "014",
        "municipio": "SAN JOSE DE COMAYAGUA"
      },
      {
        "id_municipio": "015",
        "municipio": "SAN JOSE DEL POTRERO"
      },
      {
        "id_municipio": "016",
        "municipio": "SAN LUIS"
      },
      {
        "id_municipio": "017",
        "municipio": "SAN SEBASTIAN"
      },
      {
        "id_municipio": "018",
        "municipio": "SIGUATEPEQUE"
      },
      {
        "id_municipio": "021",
        "municipio": "TAULABE"
      },
      {
        "id_municipio": "019",
        "municipio": "VILLA DE SAN ANTONIO"
      }
    ]
  },
  "COPAN": {
    "codigo": "04",
    "municipios": [
      {
        "id_municipio": "002",
        "municipio": "CABAÑAS"
      },
      {
        "id_municipio": "003",
        "municipio": "CONCEPCION"
      },
      {
        "id_municipio": "004",
        "municipio": "COPAN RUINAS"
      },
      {
        "id_municipio": "005",
        "municipio": "CORQUIN"
      },
      {
        "id_municipio": "006",
        "municipio": "CUCUYAGUA"
      },
      {
        "id_municipio": "007",
        "municipio": "DOLORES"
      },
      {
        "id_municipio": "008",
        "municipio": "DULCE NOMBRE"
      },
      {
        "id_municipio": "009",
        "municipio": "EL PARAISO"
      },
      {
        "id_municipio": "010",
        "municipio": "FLORIDA"
      },
      {
        "id_municipio": "011",
        "municipio": "LA JIGUA"
      },
      {
        "id_municipio": "012",
        "municipio": "LA UNION"
      },
      {
        "id_municipio": "013",
        "municipio": "NUEVA ARCADIA"
      },
      {
        "id_municipio": "014",
        "municipio": "SAN AGUSTIN"
      },
      {
        "id_municipio": "015",
        "municipio": "SAN ANTONIO"
      },
      {
        "id_municipio": "016",
        "municipio": "SAN JERONIMO"
      },
      {
        "id_municipio": "017",
        "municipio": "SAN JOSE"
      },
      {
        "id_municipio": "018",
        "municipio": "SAN JUAN DE OPOA"
      },
      {
        "id_municipio": "019",
        "municipio": "SAN NICOLAS"
      },
      {
        "id_municipio": "020",
        "municipio": "SAN PEDRO"
      },
      {
        "id_municipio": "021",
        "municipio": "SANTA RITA"
      },
      {
        "id_municipio": "001",
        "municipio": "SANTA ROSA DE COPAN"
      },
      {
        "id_municipio": "022",
        "municipio": "TRINIDAD"
      },
      {
        "id_municipio": "023",
        "municipio": "VERACRUZ"
      }
    ]
  },
  "CORTES": {
    "codigo": "05",
    "municipios": [
      {
        "id_municipio": "002",
        "municipio": "CHOLOMA"
      },
      {
        "id_municipio": "012",
        "municipio": "LA LIMA"
      },
      {
        "id_municipio": "003",
        "municipio": "OMOA"
      },
      {
        "id_municipio": "004",
        "municipio": "PIMIENTA"
      },
      {
        "id_municipio": "005",
        "municipio": "POTRERILLOS"
      },
      {
        "id_municipio": "006",
        "municipio": "PUERTO CORTES"
      },
      {
        "id_municipio": "007",
        "municipio": "SAN ANTONIO DE CORTES"
      },
      {
        "id_municipio": "008",
        "municipio": "SAN FRANCISCO DE YOJOA"
      },
      {
        "id_municipio": "009",
        "municipio": "SAN MANUEL"
      },
      {
        "id_municipio": "001",
        "municipio": "SAN PEDRO SULA"
      },
      {
        "id_municipio": "010",
        "municipio": "SANTA CRUZ DE YOJOA"
      },
      {
        "id_municipio": "011",
        "municipio": "VILLANUEVA"
      }
    ]
  },
  "CHOLUTECA": {
    "codigo": "06",
    "municipios": [
      {
        "id_municipio": "002",
        "municipio": "APACILAGUA"
      },
      {
        "id_municipio": "001",
        "municipio": "CHOLUTECA"
      },
      {
        "id_municipio": "003",
        "municipio": "CONCEPCION DE MARIA"
      },
      {
        "id_municipio": "004",
        "municipio": "DUYURE"
      },
      {
        "id_municipio": "005",
        "municipio": "EL CORPUS"
      },
      {
        "id_municipio": "006",
        "municipio": "EL TRIUNFO"
      },
      {
        "id_municipio": "007",
        "municipio": "MARCOVIA"
      },
      {
        "id_municipio": "008",
        "municipio": "MOROLICA"
      },
      {
        "id_municipio": "009",
        "municipio": "NAMASIGUE"
      },
      {
        "id_municipio": "010",
        "municipio": "OROCUINA"
      },
      {
        "id_municipio": "011",
        "municipio": "PESPIRE"
      },
      {
        "id_municipio": "012",
        "municipio": "SAN ANTONIO DE FLORES"
      },
      {
        "id_municipio": "013",
        "municipio": "SAN ISIDRO"
      },
      {
        "id_municipio": "014",
        "municipio": "SAN JOSE"
      },
      {
        "id_municipio": "015",
        "municipio": "SAN MARCOS DE COLON"
      },
      {
        "id_municipio": "016",
        "municipio": "SANTA ANA DE YUSGUARE"
      }
    ]
  },
  "EL PARAISO": {
    "codigo": "07",
    "municipios": [
      {
        "id_municipio": "002",
        "municipio": "ALAUCA"
      },
      {
        "id_municipio": "003",
        "municipio": "DANLI"
      },
      {
        "id_municipio": "004",
        "municipio": "EL PARAISO"
      },
      {
        "id_municipio": "005",
        "municipio": "GUINOPE"
      },
      {
        "id_municipio": "006",
        "municipio": "JACALEAPA"
      },
      {
        "id_municipio": "007",
        "municipio": "LIURE"
      },
      {
        "id_municipio": "008",
        "municipio": "MOROCELI"
      },
      {
        "id_municipio": "009",
        "municipio": "OROPOLI"
      },
      {
        "id_municipio": "010",
        "municipio": "POTRERILLOS"
      },
      {
        "id_municipio": "011",
        "municipio": "SAN ANTONIO DE FLORES"
      },
      {
        "id_municipio": "012",
        "municipio": "SAN LUCAS"
      },
      {
        "id_municipio": "013",
        "municipio": "SAN MATIAS"
      },
      {
        "id_municipio": "014",
        "municipio": "SOLEDAD"
      },
      {
        "id_municipio": "015",
        "municipio": "TEUPASENTI"
      },
      {
        "id_municipio": "016",
        "municipio": "TEXIGUAT"
      },
      {
        "id_municipio": "019",
        "municipio": "TROJES"
      },
      {
        "id_municipio": "017",
        "municipio": "VADO ANCHO"
      },
      {
        "id_municipio": "018",
        "municipio": "YAUYUPE"
      },
      {
        "id_municipio": "001",
        "municipio": "YUSCARAN"
      }
    ]
  },
  "FRANCISCO MORAZAN": {
    "codigo": "08",
    "municipios": [
      {
        "id_municipio": "002",
        "municipio": "ALUBAREN"
      },
      {
        "id_municipio": "020",
        "municipio": "CANTARRANAS"
      },
      {
        "id_municipio": "003",
        "municipio": "CEDROS"
      },
      {
        "id_municipio": "004",
        "municipio": "CURAREN"
      },
      {
        "id_municipio": "001",
        "municipio": "DISTRITO CENTRAL"
      },
      {
        "id_municipio": "005",
        "municipio": "EL PORVENIR"
      },
      {
        "id_municipio": "006",
        "municipio": "GUAIMACA"
      },
      {
        "id_municipio": "007",
        "municipio": "LA LIBERTAD"
      },
      {
        "id_municipio": "008",
        "municipio": "LA VENTA"
      },
      {
        "id_municipio": "009",
        "municipio": "LEPATERIQUE"
      },
      {
        "id_municipio": "010",
        "municipio": "MARAITA"
      },
      {
        "id_municipio": "011",
        "municipio": "MARALE"
      },
      {
        "id_municipio": "012",
        "municipio": "NUEVA ARMENIA"
      },
      {
        "id_municipio": "013",
        "municipio": "OJOJONA"
      },
      {
        "id_municipio": "014",
        "municipio": "ORICA"
      },
      {
        "id_municipio": "015",
        "municipio": "REITOCA"
      },
      {
        "id_municipio": "016",
        "municipio": "SABANAGRANDE"
      },
      {
        "id_municipio": "017",
        "municipio": "SAN ANTONIO DE ORIENTE"
      },
      {
        "id_municipio": "018",
        "municipio": "SAN BUENAVENTURA"
      },
      {
        "id_municipio": "019",
        "municipio": "SAN IGNACIO"
      },
      {
        "id_municipio": "021",
        "municipio": "SAN MIGUELITO"
      },
      {
        "id_municipio": "022",
        "municipio": "SANTA ANA"
      },
      {
        "id_municipio": "023",
        "municipio": "SANTA LUCIA"
      },
      {
        "id_municipio": "024",
        "municipio": "TALANGA"
      },
      {
        "id_municipio": "025",
        "municipio": "TATUMBLA"
      },
      {
        "id_municipio": "026",
        "municipio": "VALLE DE ANGELES"
      },
      {
        "id_municipio": "028",
        "municipio": "VALLECILLOS"
      },
      {
        "id_municipio": "027",
        "municipio": "VILLA SAN FRANCISCO"
      }
    ]
  },
  "GRACIAS A DIOS": {
    "codigo": "09",
    "municipios": [
      {
        "id_municipio": "003",
        "municipio": "AHUAS"
      },
      {
        "id_municipio": "002",
        "municipio": "BRUS LAGUNA"
      },
      {
        "id_municipio": "004",
        "municipio": "JUAN FRANCISCO BULNES"
      },
      {
        "id_municipio": "001",
        "municipio": "PUERTO LEMPIRA"
      },
      {
        "id_municipio": "005",
        "municipio": "VILLEDA MORALES"
      },
      {
        "id_municipio": "006",
        "municipio": "WAMPUSIRPI"
      }
    ]
  },
  "INTIBUCA": {
    "codigo": "10",
    "municipios": [
      {
        "id_municipio": "002",
        "municipio": "CAMASCA"
      },
      {
        "id_municipio": "003",
        "municipio": "COLOMONCAGUA"
      },
      {
        "id_municipio": "004",
        "municipio": "CONCEPCION"
      },
      {
        "id_municipio": "005",
        "municipio": "DOLORES"
      },
      {
        "id_municipio": "006",
        "municipio": "INTIBUCA"
      },
      {
        "id_municipio": "007",
        "municipio": "JESUS DE OTORO"
      },
      {
        "id_municipio": "001",
        "municipio": "LA ESPERANZA"
      },
      {
        "id_municipio": "008",
        "municipio": "MAGDALENA"
      },
      {
        "id_municipio": "009",
        "municipio": "MASAGUARA"
      },
      {
        "id_municipio": "010",
        "municipio": "SAN ANTONIO"
      },
      {
        "id_municipio": "017",
        "municipio": "SAN FRANCISCO DE OPALACA"
      },
      {
        "id_municipio": "011",
        "municipio": "SAN ISIDRO"
      },
      {
        "id_municipio": "012",
        "municipio": "SAN JUAN"
      },
      {
        "id_municipio": "013",
        "municipio": "SAN MARCOS SIERRA"
      },
      {
        "id_municipio": "014",
        "municipio": "SAN MIGUELITO"
      },
      {
        "id_municipio": "015",
        "municipio": "SANTA LUCIA"
      },
      {
        "id_municipio": "016",
        "municipio": "YAMARANGUILA"
      }
    ]
  },
  "ISLAS DE LA BAHIA": {
    "codigo": "11",
    "municipios": [
      {
        "id_municipio": "002",
        "municipio": "GUANAJA"
      },
      {
        "id_municipio": "003",
        "municipio": "JOSE SANTOS GUARDIOLA"
      },
      {
        "id_municipio": "001",
        "municipio": "ROATAN"
      },
      {
        "id_municipio": "004",
        "municipio": "UTILA"
      }
    ]
  },
  "LA PAZ": {
    "codigo": "12",
    "municipios": [
      {
        "id_municipio": "002",
        "municipio": "AGUANQUETERIQUE"
      },
      {
        "id_municipio": "003",
        "municipio": "CABAÑAS"
      },
      {
        "id_municipio": "004",
        "municipio": "CANE"
      },
      {
        "id_municipio": "005",
        "municipio": "CHINACLA"
      },
      {
        "id_municipio": "006",
        "municipio": "GUAJIQUIRO"
      },
      {
        "id_municipio": "001",
        "municipio": "LA PAZ"
      },
      {
        "id_municipio": "007",
        "municipio": "LAUTERIQUE"
      },
      {
        "id_municipio": "008",
        "municipio": "MARCALA"
      },
      {
        "id_municipio": "009",
        "municipio": "MERCEDES DE ORIENTE"
      },
      {
        "id_municipio": "010",
        "municipio": "OPATORO"
      },
      {
        "id_municipio": "011",
        "municipio": "SAN ANTONIO DEL NORTE"
      },
      {
        "id_municipio": "012",
        "municipio": "SAN JOSE"
      },
      {
        "id_municipio": "013",
        "municipio": "SAN JUAN"
      },
      {
        "id_municipio": "014",
        "municipio": "SAN PEDRO DE TUTULE"
      },
      {
        "id_municipio": "015",
        "municipio": "SANTA ANA"
      },
      {
        "id_municipio": "016",
        "municipio": "SANTA ELENA"
      },
      {
        "id_municipio": "017",
        "municipio": "SANTA MARIA"
      },
      {
        "id_municipio": "018",
        "municipio": "SANTIAGO DE PURINGLA"
      },
      {
        "id_municipio": "019",
        "municipio": "YARULA"
      }
    ]
  },
  "LEMPIRA": {
    "codigo": "13",
    "municipios": [
      {
        "id_municipio": "002",
        "municipio": "BELEN"
      },
      {
        "id_municipio": "003",
        "municipio": "CANDELARIA"
      },
      {
        "id_municipio": "004",
        "municipio": "COLOLACA"
      },
      {
        "id_municipio": "005",
        "municipio": "ERANDIQUE"
      },
      {
        "id_municipio": "001",
        "municipio": "GRACIAS"
      },
      {
        "id_municipio": "006",
        "municipio": "GUALCINCE"
      },
      {
        "id_municipio": "007",
        "municipio": "GUARITA"
      },
      {
        "id_municipio": "008",
        "municipio": "LA CAMPA"
      },
      {
        "id_municipio": "009",
        "municipio": "LA IGUALA"
      },
      {
        "id_municipio": "011",
        "municipio": "LA UNION"
      },
      {
        "id_municipio": "012",
        "municipio": "LA VIRTUD"
      },
      {
        "id_municipio": "010",
        "municipio": "LAS FLORES"
      },
      {
        "id_municipio": "013",
        "municipio": "LEPAERA"
      },
      {
        "id_municipio": "014",
        "municipio": "MAPULACA"
      },
      {
        "id_municipio": "015",
        "municipio": "PIRAERA"
      },
      {
        "id_municipio": "016",
        "municipio": "SAN ANDRES"
      },
      {
        "id_municipio": "017",
        "municipio": "SAN FRANCISCO"
      },
      {
        "id_municipio": "018",
        "municipio": "SAN JUAN GUARITA"
      },
      {
        "id_municipio": "019",
        "municipio": "SAN MANUEL COLOHETE"
      },
      {
        "id_municipio": "028",
        "municipio": "SAN MARCOS DE CAIQUIN"
      },
      {
        "id_municipio": "020",
        "municipio": "SAN RAFAEL"
      },
      {
        "id_municipio": "021",
        "municipio": "SAN SEBASTIAN"
      },
      {
        "id_municipio": "022",
        "municipio": "SANTA CRUZ"
      },
      {
        "id_municipio": "023",
        "municipio": "TALGUA"
      },
      {
        "id_municipio": "024",
        "municipio": "TAMBLA"
      },
      {
        "id_municipio": "025",
        "municipio": "TOMALA"
      },
      {
        "id_municipio": "026",
        "municipio": "VALLADOLID"
      },
      {
        "id_municipio": "027",
        "municipio": "VIRGINIA"
      }
    ]
  },
  "OCOTEPEQUE": {
    "codigo": "14",
    "municipios": [
      {
        "id_municipio": "002",
        "municipio": "BELEN GUALCHO"
      },
      {
        "id_municipio": "003",
        "municipio": "CONCEPCION"
      },
      {
        "id_municipio": "004",
        "municipio": "DOLORES MERENDON"
      },
      {
        "id_municipio": "005",
        "municipio": "FRATERNIDAD"
      },
      {
        "id_municipio": "006",
        "municipio": "LA ENCARNACION"
      },
      {
        "id_municipio": "007",
        "municipio": "LA LABOR"
      },
      {
        "id_municipio": "008",
        "municipio": "LUCERNA"
      },
      {
        "id_municipio": "009",
        "municipio": "MERCEDES"
      },
      {
        "id_municipio": "001",
        "municipio": "OCOTEPEQUE"
      },
      {
        "id_municipio": "010",
        "municipio": "SAN FERNANDO"
      },
      {
        "id_municipio": "011",
        "municipio": "SAN FRANCISCO DEL VALLE"
      },
      {
        "id_municipio": "012",
        "municipio": "SAN JORGE"
      },
      {
        "id_municipio": "013",
        "municipio": "SAN MARCOS"
      },
      {
        "id_municipio": "014",
        "municipio": "SANTA FE"
      },
      {
        "id_municipio": "015",
        "municipio": "SENSENTI"
      },
      {
        "id_municipio": "016",
        "municipio": "SINUAPA"
      }
    ]
  },
  "OLANCHO": {
    "codigo": "15",
    "municipios": [
      {
        "id_municipio": "002",
        "municipio": "CAMPAMENTO"
      },
      {
        "id_municipio": "003",
        "municipio": "CATACAMAS"
      },
      {
        "id_municipio": "004",
        "municipio": "CONCORDIA"
      },
      {
        "id_municipio": "005",
        "municipio": "DULCE NOMBRE DE CULMI"
      },
      {
        "id_municipio": "006",
        "municipio": "EL ROSARIO"
      },
      {
        "id_municipio": "007",
        "municipio": "ESQUIPULAS DEL NORTE"
      },
      {
        "id_municipio": "008",
        "municipio": "GUALACO"
      },
      {
        "id_municipio": "009",
        "municipio": "GUARIZAMA"
      },
      {
        "id_municipio": "010",
        "municipio": "GUATA"
      },
      {
        "id_municipio": "011",
        "municipio": "GUAYAPE"
      },
      {
        "id_municipio": "012",
        "municipio": "JANO"
      },
      {
        "id_municipio": "001",
        "municipio": "JUTICALPA"
      },
      {
        "id_municipio": "013",
        "municipio": "LA UNION"
      },
      {
        "id_municipio": "014",
        "municipio": "MANGULILE"
      },
      {
        "id_municipio": "015",
        "municipio": "MANTO"
      },
      {
        "id_municipio": "023",
        "municipio": "PATUCA"
      },
      {
        "id_municipio": "016",
        "municipio": "SALAMA"
      },
      {
        "id_municipio": "017",
        "municipio": "SAN ESTEBAN"
      },
      {
        "id_municipio": "018",
        "municipio": "SAN FRANCISCO DE BECERRA"
      },
      {
        "id_municipio": "019",
        "municipio": "SAN FRANCISCO DE LA PAZ"
      },
      {
        "id_municipio": "020",
        "municipio": "SANTA MARIA DEL REAL"
      },
      {
        "id_municipio": "021",
        "municipio": "SILCA"
      },
      {
        "id_municipio": "022",
        "municipio": "YOCON"
      }
    ]
  },
  "SANTA BARBARA": {
    "codigo": "16",
    "municipios": [
      {
        "id_municipio": "002",
        "municipio": "ARADA"
      },
      {
        "id_municipio": "003",
        "municipio": "ATIMA"
      },
      {
        "id_municipio": "004",
        "municipio": "AZACUALPA"
      },
      {
        "id_municipio": "005",
        "municipio": "CEGUACA"
      },
      {
        "id_municipio": "009",
        "municipio": "CHINDA"
      },
      {
        "id_municipio": "007",
        "municipio": "CONCEPCION DEL NORTE"
      },
      {
        "id_municipio": "008",
        "municipio": "CONCEPCION DEL SUR"
      },
      {
        "id_municipio": "010",
        "municipio": "EL NISPERO"
      },
      {
        "id_municipio": "011",
        "municipio": "GUALALA"
      },
      {
        "id_municipio": "012",
        "municipio": "ILAMA"
      },
      {
        "id_municipio": "027",
        "municipio": "LAS VEGAS"
      },
      {
        "id_municipio": "013",
        "municipio": "MACUELIZO"
      },
      {
        "id_municipio": "014",
        "municipio": "NARANJITO"
      },
      {
        "id_municipio": "028",
        "municipio": "NUEVA FRONTERA"
      },
      {
        "id_municipio": "015",
        "municipio": "NUEVO CELILAC"
      },
      {
        "id_municipio": "016",
        "municipio": "PETOA"
      },
      {
        "id_municipio": "017",
        "municipio": "PROTECCION"
      },
      {
        "id_municipio": "018",
        "municipio": "QUIMISTAN"
      },
      {
        "id_municipio": "019",
        "municipio": "SAN FRANCISCO DE OJUERA"
      },
      {
        "id_municipio": "006",
        "municipio": "SAN JOSE DE COLINAS"
      },
      {
        "id_municipio": "020",
        "municipio": "SAN LUIS"
      },
      {
        "id_municipio": "021",
        "municipio": "SAN MARCOS"
      },
      {
        "id_municipio": "022",
        "municipio": "SAN NICOLAS"
      },
      {
        "id_municipio": "023",
        "municipio": "SAN PEDRO DE ZACAPA"
      },
      {
        "id_municipio": "025",
        "municipio": "SAN VICENTE CENTENARIO"
      },
      {
        "id_municipio": "001",
        "municipio": "SANTA BARBARA"
      },
      {
        "id_municipio": "024",
        "municipio": "SANTA RITA"
      },
      {
        "id_municipio": "026",
        "municipio": "TRINIDAD"
      }
    ]
  },
  "VALLE": {
    "codigo": "17",
    "municipios": [
      {
        "id_municipio": "002",
        "municipio": "ALIANZA"
      },
      {
        "id_municipio": "003",
        "municipio": "AMAPALA"
      },
      {
        "id_municipio": "004",
        "municipio": "ARAMECINA"
      },
      {
        "id_municipio": "005",
        "municipio": "CARIDAD"
      },
      {
        "id_municipio": "006",
        "municipio": "GOASCORAN"
      },
      {
        "id_municipio": "007",
        "municipio": "LANGUE"
      },
      {
        "id_municipio": "001",
        "municipio": "NACAOME"
      },
      {
        "id_municipio": "008",
        "municipio": "SAN FRANCISCO DE CORAY"
      },
      {
        "id_municipio": "009",
        "municipio": "SAN LORENZO"
      }
    ]
  },
  "YORO": {
    "codigo": "18",
    "municipios": [
      {
        "id_municipio": "002",
        "municipio": "ARENAL"
      },
      {
        "id_municipio": "003",
        "municipio": "EL NEGRITO"
      },
      {
        "id_municipio": "004",
        "municipio": "EL PROGRESO"
      },
      {
        "id_municipio": "005",
        "municipio": "JOCON"
      },
      {
        "id_municipio": "006",
        "municipio": "MORAZAN"
      },
      {
        "id_municipio": "007",
        "municipio": "OLANCHITO"
      },
      {
        "id_municipio": "008",
        "municipio": "SANTA RITA"
      },
      {
        "id_municipio": "009",
        "municipio": "SULACO"
      },
      {
        "id_municipio": "010",
        "municipio": "VICTORIA"
      },
      {
        "id_municipio": "011",
        "municipio": "YORITO"
      },
      {
        "id_municipio": "001",
        "municipio": "YORO"
      }
    ]
  }
}