{
  "ATLANTIDA": {
    "municipios": [
      {
        "municipio": "ARIZONA",
        "zonas": [
          "RURAL"
        ]
      },
      {
        "municipio": "EL PORVENIR",
        "zonas": [
          "RURAL"
        ]
      },
      {
        "municipio": "ESPARTA",
        "zonas": [
          "RURAL"
        ]
      },
      {
        "municipio": "JUTIAPA",
        "zonas": [
          "RURAL"
        ]
      },
      {
        "municipio": "LA CEIBA",
        "zonas": [
          "RURAL",
          "URBANA"
        ]
      },
      {
        "municipio": "LA MASICA",
        "zonas": [
          "RURAL",
          "URBANA"
        ]
      },
      {
        "municipio": "SAN FRANCISCO",
        "zonas": [
          "RURAL"
        ]
      },
      {
        "municipio": "TELA",
        "zonas": [
          "RURAL",
          "URBANA"
        ]
      }
    ]
  },
  "COLON": {
    "municipios": [
      {
        "municipio": "BALFATE",
        "zonas": [
          "RURAL"
        ]
      },
      {
        "municipio": "BONITO ORIENTAL",
        "zonas": [
          "RURAL"
        ]
      },
      {
        "municipio": "IRIONA",
        "zonas": [
          "RURAL"
        ]
      },
      {
        "municipio": "LIMON",
        "zonas": [
          "RURAL"
        ]
      },
      {
        "municipio": "SABA",
        "zonas": [
          "RURAL",
          "URBANA"
        ]
      },
      {
        "municipio": "SANTA FE",
        "zonas": [
          "RURAL"
        ]
      },
      {
        "municipio": "SANTA ROSA AGUAN",
        "zonas": [
          "RURAL"
        ]
      },
      {
        "municipio": "SONAGUERA",
        "zonas": [
          "RURAL"
        ]
      },
      {
        "municipio": "TOCOA",
        "zonas": [
          "RURAL",
          "URBANA"
        ]
      },
      {
        "municipio": "TRUJILLO",
        "zonas": [
          "RURAL",
          "URBANA"
        ]
      }
    ]
  },
  "COMAYAGUA": {
    "municipios": [
      {
        "municipio": "AJUTERIQUE",
        "zonas": [
          "RURAL"
        ]
      },
      {
        "municipio": "COMAYAGUA",
        "zonas": [
          "RURAL",
          "URBANA"
        ]
      },
      {
        "municipio": "EL ROSARIO",
        "zonas": [
          "RURAL"
        ]
      },
      {
        "municipio": "ESQUIAS",
        "zonas": [
          "RURAL"
        ]
      },
      {
        "municipio": "HUMUYA",
        "zonas": [
          "RURAL"
        ]
      },
      {
        "municipio": "LA LIBERTAD",
        "zonas": [
          "RURAL"
        ]
      },
      {
        "municipio": "LA TRINIDAD",
        "zonas": [
          "RURAL"
        ]
      },
      {
        "municipio": "LAMANI",
        "zonas": [
          "RURAL"
        ]
      },
      {
        "municipio": "LAS LAJAS",
        "zonas": [
          "RURAL"
        ]
      },
      {
        "municipio": "LEJAMANI",
        "zonas": [
          "RURAL"
        ]
      },
      {
        "municipio": "MEAMBAR",
        "zonas": [
          "RURAL"
        ]
      },
      {
        "municipio": "MINAS DE ORO",
        "zonas": [
          "RURAL"
        ]
      },
      {
        "municipio": "OJOS DE AGUA",
        "zonas": [
          "RURAL"
        ]
      },
      {
        "municipio": "SAN JERONIMO",
        "zonas": [
          "RURAL"
        ]
      },
      {
        "municipio": "SAN JOSE DE COMAYAGUA",
        "zonas": [
          "RURAL"
        ]
      },
      {
        "municipio": "SAN JOSE DEL POTRERO",
        "zonas": [
          "RURAL"
        ]
      },
      {
        "municipio": "SAN LUIS",
        "zonas": [
          "RURAL"
        ]
      },
      {
        "municipio": "SAN SEBASTIAN",
        "zonas": [
          "RURAL"
        ]
      },
      {
        "municipio": "SIGUATEPEQUE",
        "zonas": [
          "RURAL",
          "URBANA"
        ]
      },
      {
        "municipio": "TAULABE",
        "zonas": [
          "RURAL"
        ]
      },
      {
        "municipio": "VILLA DE SAN ANTONIO",
        "zonas": [
          "RURAL"
        ]
      }
    ]
  },
  "COPAN": {
    "municipios": [
      {
        "municipio": "CABAÑAS",
        "zonas": [
          "RURAL"
        ]
      },
      {
        "municipio": "CONCEPCION",
        "zonas": [
          "RURAL"
        ]
      },
      {
        "municipio": "COPAN RUINAS",
        "zonas": [
          "RURAL"
        ]
      },
      {
        "municipio": "CORQUIN",
        "zonas": [
          "RURAL"
        ]
      },
      {
        "municipio": "CUCUYAGUA",
        "zonas": [
          "RURAL"
        ]
      },
      {
        "municipio": "DOLORES",
        "zonas": [
          "RURAL"
        ]
      },
      {
        "municipio": "DULCE NOMBRE",
        "zonas": [
          "RURAL"
        ]
      },
      {
        "municipio": "EL PARAISO",
        "zonas": [
          "RURAL"
        ]
      },
      {
        "municipio": "FLORIDA",
        "zonas": [
          "RURAL"
        ]
      },
      {
        "municipio": "LA JIGUA",
        "zonas": [
          "RURAL"
        ]
      },
      {
        "municipio": "LA UNION",
        "zonas": [
          "RURAL"
        ]
      },
      {
        "municipio": "NUEVA ARCADIA",
        "zonas": [
          "RURAL",
          "URBANA"
        ]
      },
      {
        "municipio": "SAN AGUSTIN",
        "zonas": [
          "RURAL"
        ]
      },
      {
        "municipio": "SAN ANTONIO",
        "zonas": [
          "RURAL"
        ]
      },
      {
        "municipio": "SAN JERONIMO",
        "zonas": [
          "RURAL"
        ]
      },
      {
        "municipio": "SAN JOSE",
        "zonas": [
          "RURAL"
        ]
      },
      {
        "municipio": "SAN JUAN DE OPOA",
        "zonas": [
          "RURAL"
        ]
      },
      {
        "municipio": "SAN NICOLAS",
        "zonas": [
          "RURAL"
        ]
      },
      {
        "municipio": "SAN PEDRO",
        "zonas": [
          "RURAL"
        ]
      },
      {
        "municipio": "SANTA RITA",
        "zonas": [
          "RURAL"
        ]
      },
      {
        "municipio": "SANTA ROSA DE COPAN",
        "zonas": [
          "RURAL",
          "URBANA"
        ]
      },
      {
        "municipio": "TRINIDAD",
        "zonas": [
          "RURAL"
        ]
      },
      {
        "municipio": "VERACRUZ",
        "zonas": [
          "RURAL"
        ]
      }
    ]
  },
  "CORTES": {
    "municipios": [
      {
        "municipio": "CHOLOMA",
        "zonas": [
          "RURAL",
          "URBANA"
        ]
      },
      {
        "municipio": "LA LIMA",
        "zonas": [
          "RURAL",
          "URBANA"
        ]
      },
      {
        "municipio": "OMOA",
        "zonas": [
          "RURAL"
        ]
      },
      {
        "municipio": "PIMIENTA",
        "zonas": [
          "RURAL",
          "URBANA"
        ]
      },
      {
        "municipio": "POTRERILLOS",
        "zonas": [
          "RURAL",
          "URBANA"
        ]
      },
      {
        "municipio": "PUERTO CORTES",
        "zonas": [
          "RURAL",
          "URBANA"
        ]
      },
      {
        "municipio": "SAN ANTONIO DE CORTES",
        "zonas": [
          "RURAL",
          "URBANA"
        ]
      },
      {
        "municipio": "SAN FRANCISCO DE YOJOA",
        "zonas": [
          "RURAL",
          "URBANA"
        ]
      },
      {
        "municipio": "SAN MANUEL",
        "zonas": [
          "RURAL",
          "URBANA"
        ]
      },
      {
        "municipio": "SAN PEDRO SULA",
        "zonas": [
          "RURAL",
          "URBANA"
        ]
      },
      {
        "municipio": "SANTA CRUZ DE YOJOA",
        "zonas": [
          "RURAL",
          "URBANA"
        ]
      },
      {
        "municipio": "VILLANUEVA",
        "zonas": [
          "RURAL",
          "URBANA"
        ]
      }
    ]
  },
  "CHOLUTECA": {
    "municipios": [
      {
        "municipio": "APACILAGUA",
        "zonas": [
          "RURAL"
        ]
      },
      {
        "municipio": "CHOLUTECA",
        "zonas": [
          "RURAL",
          "URBANA"
        ]
      },
      {
        "municipio": "CONCEPCION DE MARIA",
        "zonas": [
          "RURAL"
        ]
      },
      {
        "municipio": "DUYURE",
        "zonas": [
          "RURAL"
        ]
      },
      {
        "municipio": "EL CORPUS",
        "zonas": [
          "RURAL"
        ]
      },
      {
        "municipio": "EL TRIUNFO",
        "zonas": [
          "RURAL",
          "URBANA"
        ]
      },
      {
        "municipio": "MARCOVIA",
        "zonas": [
          "RURAL"
        ]
      },
      {
        "municipio": "MOROLICA",
        "zonas": [
          "RURAL"
        ]
      },
      {
        "municipio": "NAMASIGUE",
        "zonas": [
          "RURAL"
        ]
      },
      {
        "municipio": "OROCUINA",
        "zonas": [
          "RURAL"
        ]
      },
      {
        "municipio": "PESPIRE",
        "zonas": [
          "RURAL"
        ]
      },
      {
        "municipio": "SAN ANTONIO DE FLORES",
        "zonas": [
          "RURAL"
        ]
      },
      {
        "municipio": "SAN ISIDRO",
        "zonas": [
          "RURAL"
        ]
      },
      {
        "municipio": "SAN JOSE",
        "zonas": [
          "RURAL"
        ]
      },
      {
        "municipio": "SAN MARCOS DE COLON",
        "zonas": [
          "RURAL",
          "URBANA"
        ]
      },
      {
        "municipio": "SANTA ANA DE YUSGUARE",
        "zonas": [
          "RURAL"
        ]
      }
    ]
  },
  "EL PARAISO": {
    "municipios": [
      {
        "municipio": "ALAUCA",
        "zonas": [
          "RURAL"
        ]
      },
      {
        "municipio": "DANLI",
        "zonas": [
          "RURAL",
          "URBANA"
        ]
      },
      {
        "municipio": "EL PARAISO",
        "zonas": [
          "RURAL",
          "URBANA"
        ]
      },
      {
        "municipio": "GUINOPE",
        "zonas": [
          "RURAL"
        ]
      },
      {
        "municipio": "JACALEAPA",
        "zonas": [
          "RURAL"
        ]
      },
      {
        "municipio": "LIURE",
        "zonas": [
          "RURAL"
        ]
      },
      {
        "municipio": "MOROCELI",
        "zonas": [
          "RURAL"
        ]
      },
      {
        "municipio": "OROPOLI",
        "zonas": [
          "RURAL"
        ]
      },
      {
        "municipio": "POTRERILLOS",
        "zonas": [
          "RURAL"
        ]
      },
      {
        "municipio": "SAN ANTONIO DE FLORES",
        "zonas": [
          "RURAL"
        ]
      },
      {
        "municipio": "SAN LUCAS",
        "zonas": [
          "RURAL"
        ]
      },
      {
        "municipio": "SAN MATIAS",
        "zonas": [
          "RURAL"
        ]
      },
      {
        "municipio": "SOLEDAD",
        "zonas": [
          "RURAL"
        ]
      },
      {
        "municipio": "TEUPASENTI",
        "zonas": [
          "RURAL"
        ]
      },
      {
        "municipio": "TEXIGUAT",
        "zonas": [
          "RURAL"
        ]
      },
      {
        "municipio": "TROJES",
        "zonas": [
          "RURAL"
        ]
      },
      {
        "municipio": "VADO ANCHO",
        "zonas": [
          "RURAL"
        ]
      },
      {
        "municipio": "YAUYUPE",
        "zonas": [
          "RURAL"
        ]
      },
      {
        "municipio": "YUSCARAN",
        "zonas": [
          "RURAL",
          "URBANA"
        ]
      }
    ]
  },
  "FRANCISCO MORAZAN": {
    "municipios": [
      {
        "municipio": "ALUBAREN",
        "zonas": [
          "RURAL"
        ]
      },
      {
        "municipio": "CANTARRANAS",
        "zonas": [
          "RURAL"
        ]
      },
      {
        "municipio": "CEDROS",
        "zonas": [
          "RURAL"
        ]
      },
      {
        "municipio": "CURAREN",
        "zonas": [
          "RURAL"
        ]
      },
      {
        "municipio": "DISTRITO CENTRAL",
        "zonas": [
          "RURAL",
          "URBANA"
        ]
      },
      {
        "municipio": "EL PORVENIR",
        "zonas": [
          "RURAL"
        ]
      },
      {
        "municipio": "GUAIMACA",
        "zonas": [
          "RURAL",
          "URBANA"
        ]
      },
      {
        "municipio": "LA LIBERTAD",
        "zonas": [
          "RURAL"
        ]
      },
      {
        "municipio": "LA VENTA",
        "zonas": [
          "RURAL"
        ]
      },
      {
        "municipio": "LEPATERIQUE",
        "zonas": [
          "RURAL"
        ]
      },
      {
        "municipio": "MARAITA",
        "zonas": [
          "RURAL"
        ]
      },
      {
        "municipio": "MARALE",
        "zonas": [
          "RURAL"
        ]
      },
      {
        "municipio": "NUEVA ARMENIA",
        "zonas": [
          "RURAL"
        ]
      },
      {
        "municipio": "OJOJONA",
        "zonas": [
          "RURAL"
        ]
      },
      {
        "municipio": "ORICA",
        "zonas": [
          "RURAL"
        ]
      },
      {
        "municipio": "REITOCA",
        "zonas": [
          "RURAL"
        ]
      },
      {
        "municipio": "SABANAGRANDE",
        "zonas": [
          "RURAL"
        ]
      },
      {
        "municipio": "SAN ANTONIO DE ORIENTE",
        "zonas": [
          "RURAL"
        ]
      },
      {
        "municipio": "SAN BUENAVENTURA",
        "zonas": [
          "RURAL"
        ]
      },
      {
        "municipio": "SAN IGNACIO",
        "zonas": [
          "RURAL"
        ]
      },
      {
        "municipio": "SAN MIGUELITO",
        "zonas": [
          "RURAL"
        ]
      },
      {
        "municipio": "SANTA ANA",
        "zonas": [
          "RURAL"
        ]
      },
      {
        "municipio": "SANTA LUCIA",
        "zonas": [
          "RURAL"
        ]
      },
      {
        "municipio": "TALANGA",
        "zonas": [
          "RURAL",
          "URBANA"
        ]
      },
      {
        "municipio": "TATUMBLA",
        "zonas": [
          "RURAL"
        ]
      },
      {
        "municipio": "VALLE DE ANGELES",
        "zonas": [
          "RURAL"
        ]
      },
      {
        "municipio": "VALLECILLOS",
        "zonas": [
          "RURAL"
        ]
      },
      {
        "municipio": "VILLA SAN FRANCISCO",
        "zonas": [
          "RURAL",
          "URBANA"
        ]
      }
    ]
  },
  "GRACIAS A DIOS": {
    "municipios": [
      {
        "municipio": "AHUAS",
        "zonas": [
          "RURAL"
        ]
      },
      {
        "municipio": "BRUS LAGUNA",
        "zonas": [
          "RURAL"
        ]
      },
      {
        "municipio": "JUAN FRANCISCO BULNES",
        "zonas": [
          "RURAL"
        ]
      },
      {
        "municipio": "PUERTO LEMPIRA",
        "zonas": [
          "RURAL"
        ]
      },
      {
        "municipio": "VILLEDA MORALES",
        "zonas": [
          "RURAL"
        ]
      },
      {
        "municipio": "WAMPUSIRPI",
        "zonas": [
          "RURAL"
        ]
      }
    ]
  },
  "INTIBUCA": {
    "municipios": [
      {
        "municipio": "CAMASCA",
        "zonas": [
          "RURAL"
        ]
      },
      {
        "municipio": "COLOMONCAGUA",
        "zonas": [
          "RURAL"
        ]
      },
      {
        "municipio": "CONCEPCION",
        "zonas": [
          "RURAL"
        ]
      },
      {
        "municipio": "DOLORES",
        "zonas": [
          "RURAL"
        ]
      },
      {
        "municipio": "INTIBUCA",
        "zonas": [
          "RURAL",
          "URBANA"
        ]
      },
      {
        "municipio": "JESUS DE OTORO",
        "zonas": [
          "RURAL"
        ]
      },
      {
        "municipio": "LA ESPERANZA",
        "zonas": [
          "RURAL",
          "URBANA"
        ]
      },
      {
        "municipio": "MAGDALENA",
        "zonas": [
          "RURAL"
        ]
      },
      {
        "municipio": "MASAGUARA",
        "zonas": [
          "RURAL"
        ]
      },
      {
        "municipio": "SAN ANTONIO",
        "zonas": [
          "RURAL"
        ]
      },
      {
        "municipio": "SAN FRANCISCO DE OPALACA",
        "zonas": [
          "RURAL"
        ]
      },
      {
        "municipio": "SAN ISIDRO",
        "zonas": [
          "RURAL"
        ]
      },
      {
        "municipio": "SAN JUAN",
        "zonas": [
          "RURAL"
        ]
      },
      {
        "municipio": "SAN MARCOS SIERRA",
        "zonas": [
          "RURAL"
        ]
      },
      {
        "municipio": "SAN MIGUELITO",
        "zonas": [
          "RURAL"
        ]
      },
      {
        "municipio": "SANTA LUCIA",
        "zonas": [
          "RURAL"
        ]
      },
      {
        "municipio": "YAMARANGUILA",
        "zonas": [
          "RURAL"
        ]
      }
    ]
  },
  "ISLAS DE LA BAHIA": {
    "municipios": [
      {
        "municipio": "GUANAJA",
        "zonas": [
          "RURAL"
        ]
      },
      {
        "municipio": "JOSE SANTOS GUARDIOLA",
        "zonas": [
          "RURAL"
        ]
      },
      {
        "municipio": "ROATAN",
        "zonas": [
          "RURAL",
          "URBANA"
        ]
      },
      {
        "municipio": "UTILA",
        "zonas": [
          "RURAL"
        ]
      }
    ]
  },
  "LA PAZ": {
    "municipios": [
      {
        "municipio": "AGUANQUETERIQUE",
        "zonas": [
          "RURAL"
        ]
      },
      {
        "municipio": "CABAÑAS",
        "zonas": [
          "RURAL"
        ]
      },
      {
        "municipio": "CANE",
        "zonas": [
          "RURAL"
        ]
      },
      {
        "municipio": "CHINACLA",
        "zonas": [
          "RURAL"
        ]
      },
      {
        "municipio": "GUAJIQUIRO",
        "zonas": [
          "RURAL"
        ]
      },
      {
        "municipio": "LA PAZ",
        "zonas": [
          "RURAL",
          "URBANA"
        ]
      },
      {
        "municipio": "LAUTERIQUE",
        "zonas": [
          "RURAL"
        ]
      },
      {
        "municipio": "MARCALA",
        "zonas": [
          "RURAL",
          "URBANA"
        ]
      },
      {
        "municipio": "MERCEDES DE ORIENTE",
        "zonas": [
          "RURAL"
        ]
      },
      {
        "municipio": "OPATORO",
        "zonas": [
          "RURAL"
        ]
      },
      {
        "municipio": "SAN ANTONIO DEL NORTE",
        "zonas": [
          "RURAL"
        ]
      },
      {
        "municipio": "SAN JOSE",
        "zonas": [
          "RURAL"
        ]
      },
      {
        "municipio": "SAN JUAN",
        "zonas": [
          "RURAL"
        ]
      },
      {
        "municipio": "SAN PEDRO DE TUTULE",
        "zonas": [
          "RURAL"
        ]
      },
      {
        "municipio": "SANTA ANA",
        "zonas": [
          "RURAL"
        ]
      },
      {
        "municipio": "SANTA ELENA",
        "zonas": [
          "RURAL"
        ]
      },
      {
        "municipio": "SANTA MARIA",
        "zonas": [
          "RURAL"
        ]
      },
      {
        "municipio": "SANTIAGO DE PURINGLA",
        "zonas": [
          "RURAL"
        ]
      },
      {
        "municipio": "YARULA",
        "zonas": [
          "RURAL"
        ]
      }
    ]
  },
  "LEMPIRA": {
    "municipios": [
      {
        "municipio": "BELEN",
        "zonas": [
          "RURAL"
        ]
      },
      {
        "municipio": "CANDELARIA",
        "zonas": [
          "RURAL"
        ]
      },
      {
        "municipio": "COLOLACA",
        "zonas": [
          "RURAL"
        ]
      },
      {
        "municipio": "ERANDIQUE",
        "zonas": [
          "RURAL"
        ]
      },
      {
        "municipio": "GRACIAS",
        "zonas": [
          "RURAL",
          "URBANA"
        ]
      },
      {
        "municipio": "GUALCINCE",
        "zonas": [
          "RURAL"
        ]
      },
      {
        "municipio": "GUARITA",
        "zonas": [
          "RURAL"
        ]
      },
      {
        "municipio": "LA CAMPA",
        "zonas": [
          "RURAL"
        ]
      },
      {
        "municipio": "LA IGUALA",
        "zonas": [
          "RURAL"
        ]
      },
      {
        "municipio": "LA UNION",
        "zonas": [
          "RURAL"
        ]
      },
      {
        "municipio": "LA VIRTUD",
        "zonas": [
          "RURAL"
        ]
      },
      {
        "municipio": "LAS FLORES",
        "zonas": [
          "RURAL"
        ]
      },
      {
        "municipio": "LEPAERA",
        "zonas": [
          "RURAL"
        ]
      },
      {
        "municipio": "MAPULACA",
        "zonas": [
          "RURAL"
        ]
      },
      {
        "municipio": "PIRAERA",
        "zonas": [
          "RURAL"
        ]
      },
      {
        "municipio": "SAN ANDRES",
        "zonas": [
          "RURAL"
        ]
      },
      {
        "municipio": "SAN FRANCISCO",
        "zonas": [
          "RURAL"
        ]
      },
      {
        "municipio": "SAN JUAN GUARITA",
        "zonas": [
          "RURAL"
        ]
      },
      {
        "municipio": "SAN MANUEL COLOHETE",
        "zonas": [
          "RURAL"
        ]
      },
      {
        "municipio": "SAN MARCOS DE CAIQUIN",
        "zonas": [
          "RURAL"
        ]
      },
      {
        "municipio": "SAN RAFAEL",
        "zonas": [
          "RURAL"
        ]
      },
      {
        "municipio": "SAN SEBASTIAN",
        "zonas": [
          "RURAL"
        ]
      },
      {
        "municipio": "SANTA CRUZ",
        "zonas": [
          "RURAL"
        ]
      },
      {
        "municipio": "TALGUA",
        "zonas": [
          "RURAL"
        ]
      },
      {
        "municipio": "TAMBLA",
        "zonas": [
          "RURAL"
        ]
      },
      {
        "municipio": "TOMALA",
        "zonas": [
          "RURAL"
        ]
      },
      {
        "municipio": "VALLADOLID",
        "zonas": [
          "RURAL"
        ]
      },
      {
        "municipio": "VIRGINIA",
        "zonas": [
          "RURAL"
        ]
      }
    ]
  },
  "OCOTEPEQUE": {
    "municipios": [
      {
        "municipio": "BELEN GUALCHO",
        "zonas": [
          "RURAL"
        ]
      },
      {
        "municipio": "CONCEPCION",
        "zonas": [
          "RURAL"
        ]
      },
      {
        "municipio": "DOLORES MERENDON",
        "zonas": [
          "RURAL"
        ]
      },
      {
        "municipio": "FRATERNIDAD",
        "zonas": [
          "RURAL"
        ]
      },
      {
        "municipio": "LA ENCARNACION",
        "zonas": [
          "RURAL"
        ]
      },
      {
        "municipio": "LA LABOR",
        "zonas": [
          "RURAL"
        ]
      },
      {
        "municipio": "LUCERNA",
        "zonas": [
          "RURAL"
        ]
      },
      {
        "municipio": "MERCEDES",
        "zonas": [
          "RURAL"
        ]
      },
      {
        "municipio": "OCOTEPEQUE",
        "zonas": [
          "RURAL",
          "URBANA"
        ]
      },
      {
        "municipio": "SAN FERNANDO",
        "zonas": [
          "RURAL"
        ]
      },
      {
        "municipio": "SAN FRANCISCO DEL VALLE",
        "zonas": [
          "RURAL"
        ]
      },
      {
        "municipio": "SAN JORGE",
        "zonas": [
          "RURAL"
        ]
      },
      {
        "municipio": "SAN MARCOS",
        "zonas": [
          "RURAL"
        ]
      },
      {
        "municipio": "SANTA FE",
        "zonas": [
          "RURAL"
        ]
      },
      {
        "municipio": "SENSENTI",
        "zonas": [
          "RURAL"
        ]
      },
      {
        "municipio": "SINUAPA",
        "zonas": [
          "RURAL"
        ]
      }
    ]
  },
  "OLANCHO": {
    "municipios": [
      {
        "municipio": "CAMPAMENTO",
        "zonas": [
          "RURAL",
          "URBANA"
        ]
      },
      {
        "municipio": "CATACAMAS",
        "zonas": [
          "RURAL",
          "URBANA"
        ]
      },
      {
        "municipio": "CONCORDIA",
        "zonas": [
          "RURAL"
        ]
      },
      {
        "municipio": "DULCE NOMBRE DE CULMI",
        "zonas": [
          "RURAL"
        ]
      },
      {
        "municipio": "EL ROSARIO",
        "zonas": [
          "RURAL"
        ]
      },
      {
        "municipio": "ESQUIPULAS DEL NORTE",
        "zonas": [
          "RURAL"
        ]
      },
      {
        "municipio": "GUALACO",
        "zonas": [
          "RURAL"
        ]
      },
      {
        "municipio": "GUARIZAMA",
        "zonas": [
          "RURAL"
        ]
      },
      {
        "municipio": "GUATA",
        "zonas": [
          "RURAL"
        ]
      },
      {
        "municipio": "GUAYAPE",
        "zonas": [
          "RURAL"
        ]
      },
      {
        "municipio": "JANO",
        "zonas": [
          "RURAL"
        ]
      },
      {
        "municipio": "JUTICALPA",
        "zonas": [
          "RURAL",
          "URBANA"
        ]
      },
      {
        "municipio": "LA UNION",
        "zonas": [
          "RURAL"
        ]
      },
      {
        "municipio": "MANGULILE",
        "zonas": [
          "RURAL"
        ]
      },
      {
        "municipio": "MANTO",
        "zonas": [
          "RURAL"
        ]
      },
      {
        "municipio": "PATUCA",
        "zonas": [
          "RURAL"
        ]
      },
      {
        "municipio": "SALAMA",
        "zonas": [
          "RURAL"
        ]
      },
      {
        "municipio": "SAN ESTEBAN",
        "zonas": [
          "RURAL"
        ]
      },
      {
        "municipio": "SAN FRANCISCO DE BECERRA",
        "zonas": [
          "RURAL"
        ]
      },
      {
        "municipio": "SAN FRANCISCO DE LA PAZ",
        "zonas": [
          "RURAL"
        ]
      },
      {
        "municipio": "SANTA MARIA DEL REAL",
        "zonas": [
          "RURAL"
        ]
      },
      {
        "municipio": "SILCA",
        "zonas": [
          "RURAL"
        ]
      },
      {
        "municipio": "YOCON",
        "zonas": [
          "RURAL"
        ]
      }
    ]
  },
  "SANTA BARBARA": {
    "municipios": [
      {
        "municipio": "ARADA",
        "zonas": [
          "RURAL"
        ]
      },
      {
        "municipio": "ATIMA",
        "zonas": [
          "RURAL"
        ]
      },
      {
        "municipio": "AZACUALPA",
        "zonas": [
          "RURAL"
        ]
      },
      {
        "municipio": "CEGUACA",
        "zonas": [
          "RURAL"
        ]
      },
      {
        "municipio": "CHINDA",
        "zonas": [
          "RURAL"
        ]
      },
      {
        "municipio": "CONCEPCION DEL NORTE",
        "zonas": [
          "RURAL"
        ]
      },
      {
        "municipio": "CONCEPCION DEL SUR",
        "zonas": [
          "RURAL"
        ]
      },
      {
        "municipio": "EL NISPERO",
        "zonas": [
          "RURAL"
        ]
      },
      {
        "municipio": "GUALALA",
        "zonas": [
          "RURAL"
        ]
      },
      {
        "municipio": "ILAMA",
        "zonas": [
          "RURAL"
        ]
      },
      {
        "municipio": "LAS VEGAS",
        "zonas": [
          "RURAL",
          "URBANA"
        ]
      },
      {
        "municipio": "MACUELIZO",
        "zonas": [
          "RURAL"
        ]
      },
      {
        "municipio": "NARANJITO",
        "zonas": [
          "RURAL"
        ]
      },
      {
        "municipio": "NUEVA FRONTERA",
        "zonas": [
          "RURAL"
        ]
      },
      {
        "municipio": "NUEVO CELILAC",
        "zonas": [
          "RURAL"
        ]
      },
      {
        "municipio": "PETOA",
        "zonas": [
          "RURAL"
        ]
      },
      {
        "municipio": "PROTECCION",
        "zonas": [
          "RURAL"
        ]
      },
      {
        "municipio": "QUIMISTAN",
        "zonas": [
          "RURAL"
        ]
      },
      {
        "municipio": "SAN FRANCISCO DE OJUERA",
        "zonas": [
          "RURAL"
        ]
      },
      {
        "municipio": "SAN JOSE DE COLINAS",
        "zonas": [
          "RURAL"
        ]
      },
      {
        "municipio": "SAN LUIS",
        "zonas": [
          "RURAL"
        ]
      },
      {
        "municipio": "SAN MARCOS",
        "zonas": [
          "RURAL"
        ]
      },
      {
        "municipio": "SAN NICOLAS",
        "zonas": [
          "RURAL"
        ]
      },
      {
        "municipio": "SAN PEDRO DE ZACAPA",
        "zonas": [
          "RURAL"
        ]
      },
      {
        "municipio": "SAN VICENTE CENTENARIO",
        "zonas": [
          "RURAL"
        ]
      },
      {
        "municipio": "SANTA BARBARA",
        "zonas": [
          "RURAL",
          "URBANA"
        ]
      },
      {
        "municipio": "SANTA RITA",
        "zonas": [
          "RURAL"
        ]
      },
      {
        "municipio": "TRINIDAD",
        "zonas": [
          "RURAL"
        ]
      }
    ]
  },
  "VALLE": {
    "municipios": [
      {
        "municipio": "ALIANZA",
        "zonas": [
          "RURAL"
        ]
      },
      {
        "municipio": "AMAPALA",
        "zonas": [
          "RURAL"
        ]
      },
      {
        "municipio": "ARAMECINA",
        "zonas": [
          "RURAL"
        ]
      },
      {
        "municipio": "CARIDAD",
        "zonas": [
          "RURAL"
        ]
      },
      {
        "municipio": "GOASCORAN",
        "zonas": [
          "RURAL"
        ]
      },
      {
        "municipio": "LANGUE",
        "zonas": [
          "RURAL"
        ]
      },
      {
        "municipio": "NACAOME",
        "zonas": [
          "RURAL",
          "URBANA"
        ]
      },
      {
        "municipio": "SAN FRANCISCO DE CORAY",
        "zonas": [
          "RURAL"
        ]
      },
      {
        "municipio": "SAN LORENZO",
        "zonas": [
          "RURAL",
          "URBANA"
        ]
      }
    ]
  },
  "YORO": {
    "municipios": [
      {
        "municipio": "ARENAL",
        "zonas": [
          "RURAL"
        ]
      },
      {
        "municipio": "EL NEGRITO",
        "zonas": [
          "RURAL",
          "URBANA"
        ]
      },
      {
        "municipio": "EL PROGRESO",
        "zonas": [
          "RURAL",
          "URBANA"
        ]
      },
      {
        "municipio": "JOCON",
        "zonas": [
          "RURAL"
        ]
      },
      {
        "municipio": "MORAZAN",
        "zonas": [
          "RURAL",
          "URBANA"
        ]
      },
      {
        "municipio": "OLANCHITO",
        "zonas": [
          "RURAL",
          "URBANA"
        ]
      },
      {
        "municipio": "SANTA RITA",
        "zonas": [
          "RURAL",
          "URBANA"
        ]
      },
      {
        "municipio": "SULACO",
        "zonas": [
          "RURAL"
        ]
      },
      {
        "municipio": "VICTORIA",
        "zonas": [
          "RURAL"
        ]
      },
      {
        "municipio": "YORITO",
        "zonas": [
          "RURAL"
        ]
      },
      {
        "municipio": "YORO",
        "zonas": [
          "RURAL",
          "URBANA"
        ]
      }
    ]
  }
}